{"cam 7": {"extrinsic": [[1.0, 0.0, 0.0, 0.0], [0.0, 1.0, 0.0, 0.0], [0.0, 0.0, 1.0, 0.0], [0.0, 0.0, 0.0, 1.0]], "intrinsic": [[1184.819681634124, 0, 958.7177183453407], [0, 1182.81490759311, 580.5180816966925], [0, 0, 1]], "distortion": [-0.2321208836567054, 0.1036925937027809, 0.001644967797003794, -0.001119429314475384, -0.02646937367634598]}, "cam 3": {"extrinsic": [[0.693607, -0.301773, 0.654096, -2.54745], [0.311505, 0.944383, 0.105378, -0.432022], [-0.649518, 0.130663, 0.749035, 0.885521], [0.0, 0.0, 0.0, 1.0]], "intrinsic": [[1193.601273134512, 0, 941.0655291845651], [0, 1192.140537495894, 576.6839553483013], [0, 0, 1]], "distortion": [-0.2357412976764199, 0.1035429103172785, 0.000714221998011988, 0.0001266418566488787, -0.02582181396225221]}, "cam 4": {"extrinsic": [[0.024577, -0.419617, 0.907368, -3.1863], [0.418449, 0.828623, 0.371867, -1.53112], [-0.907908, 0.370548, 0.195954, 3.20565], [0.0, 0.0, 0.0, 1.0]], "intrinsic": [[1193.708827483104, 0, 945.676460752723], [0, 1192.716713089258, 562.8066366963042], [0, 0, 1]], "distortion": [-0.2403002376931219, 0.1125385592201167, 0.0005117705754679151, 7.088720267483178e-05, -0.03018973662465711]}, "cam 6": {"extrinsic": [[-0.819873, -0.243124, 0.518362, -2.47174], [0.260269, 0.64815, 0.715655, -2.71296], [-0.509969, 0.72166, -0.468123, 5.62114], [0.0, 0.0, 0.0, 1.0]], "intrinsic": [[1185.287977102645, 0, 994.6934707890598], [0, 1183.939553180571, 607.6622035213687], [0, 0, 1]], "distortion": [-0.2347749174187936, 0.1042501283467381, 0.0005614368733162128, -1.392074720872159e-05, -0.02606041627053337]}, "cam 5": {"extrinsic": [[-0.999631, -0.00426322, -0.0268388, -0.271563], [-0.0239478, 0.605018, 0.795851, -3.0315], [0.0128451, 0.7962, -0.604897, 6.2939], [0.0, 0.0, 0.0, 1.0]], "intrinsic": [[1186.874590219562, 0, 981.7874041585623], [0, 1184.928473742166, 585.7750443171316], [0, 0, 1]], "distortion": [-0.2382875188340224, 0.1112216238841532, 0.000349971817537549, -0.001057306244384439, -0.03074112859937883]}, "cam 2": {"extrinsic": [[-0.841102, 0.216087, -0.495836, 2.03443], [-0.265508, 0.633723, 0.726568, -2.68608], [0.471225, 0.742766, -0.475653, 5.56402], [0.0, 0.0, 0.0, 1.0]], "intrinsic": [[1206.342160008639, 0, 956.8116711836914], [0, 1204.122587216592, 570.6255336776926], [0, 0, 1]], "distortion": [-0.2418368840414951, 0.111067857500548, 0.0004967518289627314, -0.0007039708719082943, -0.02934319459283831]}, "cam 1": {"extrinsic": [[-0.00478404, 0.420684, -0.907194, 3.59344], [-0.418343, 0.82316, 0.383922, -1.63525], [0.908276, 0.381355, 0.172053, 3.32867], [0.0, 0.0, 0.0, 1.0]], "intrinsic": [[1170.543258585015, 0, 982.702541487683], [0, 1169.262592525153, 569.9355080016312], [0, 0, 1]], "distortion": [-0.2295328565699062, 0.1028035661356489, 0.002013031988510865, -0.001723157037543028, -0.02683874519063208]}, "cam 0": {"extrinsic": [[0.603734, 0.325894, -0.727529, 2.66016], [-0.356293, 0.926708, 0.119449, -0.384858], [0.713134, 0.187098, 0.675599, 0.824432], [0.0, 0.0, 0.0, 1.0]], "intrinsic": [[1213.059584790153, 0, 963.7186046082611], [0, 1210.603376458068, 561.9951067693809], [0, 0, 1]], "distortion": [-0.2457915213691968, 0.1108568072887201, 0.001064729929008372, 5.547803568277451e-05, -0.02795896285869855]}}